/index.html /
/12-Favorite-Problems-The-key-to-classroom-community/index.{html} /12-Favorite-Problems-The-key-to-classroom-community/
/A-beautiful-life/index.{html} /A-beautiful-life/
/The-twin-brushstrokes-of-my-marriage-and-career/index.{html} /The-twin-brushstrokes-of-my-marriage-and-career/
/about/index.{html} /about/
/talk/index.{html} /talk/
/talks/2019_10_22_carleton/index.{html} /talks/2019_10_22_carleton/
/Motivating-the-question/index.{html} /Motivating-the-question/
/Teaching-and-learning/index.{html} /Teaching-and-learning/
/12-Favorite-Problems/index.{html} /12-Favorite-Problems/
/Teaching-real-math-with-computers/index.{html} /Teaching-real-math-with-computers/
/teaching/index.{html} /teaching/
/Dungeons-and-Dragons-Web-Scraping-with-rvest-and-RSelenium/index.{html} /Dungeons-and-Dragons-Web-Scraping-with-rvest-and-RSelenium/
/Graph-based-knowledge-representations/index.{html} /Graph-based-knowledge-representations/
/Lightning-Lure/index.{html} /Lightning-Lure/
/Adapting-education-style-to-improve-relevance-and-practical-skills/index.{html} /Adapting-education-style-to-improve-relevance-and-practical-skills/
/Coach-dont-just-teach/index.{html} /Coach-dont-just-teach/
/The-Book-of-Why/index.{html} /The-Book-of-Why/
/talks/2022_04_01_stthomas/index.{html} /talks/2022_04_01_stthomas/
/Fight-every-battle-everywhere-this-is-science/index.{html} /Fight-every-battle-everywhere-this-is-science/
/Grading-doesnt-have-to-suck/index.{html} /Grading-doesnt-have-to-suck/
/Perspectives-on-the-Interactive-Mathematics-Program/index.{html} /Perspectives-on-the-Interactive-Mathematics-Program/
/garden/index.{html} /garden/
/talks/2019_03_22_creighton/index.{html} /talks/2019_03_22_creighton/
/talks/2020_10_30_minne_wiads/index.{html} /talks/2020_10_30_minne_wiads/
/A-different-kind-of-learning-objective/index.{html} /A-different-kind-of-learning-objective/
/The-quest-to-find-invisible-giants-the-myth-of-progress/index.{html} /The-quest-to-find-invisible-giants-the-myth-of-progress/
/talks/2021_08_05_bioc/index.{html} /talks/2021_08_05_bioc/
/talks/2022_08_10_jsm/index.{html} /talks/2022_08_10_jsm/
